{
    "author": "<font color='#00FFFF'>Salchy</font>",
    "description": "Salchy Supreme",
    "disableAutoUpdate": true,
    "disabled": false,
    "donationUrl": "",
    "name": "salchysupreme",
    "options": {
        "niceName": "<font color='#FDD017'>Salchy Supreme</font>",
        "guiName": "<font color='#FDD017'>Salchy Supreme</font>",
        "reloadable": true,
        "settingsFile": "config.json",
        "settingsMigrator": "settings_migrator.js",
        "settingsVersion": 1		
	},
    "servers": [""],
    "supportUrl": "",
    "version": "<font color='#00FFFF'>1.0.0</font>"
}